Date,Weight Class,Method,Round,Time,Fighter 1 Name,Fighter 1 Result,Fighter 1 KD,Fighter 1 SIG STR,Fighter 1 TD,Fighter 1 SUB ATT,Fighter 1 REV,Fighter 1 Ctrl,Fighter 1 Distance,Fighter 1 Clinch,Fighter 1 Ground,Fighter 2 Name,Fighter 2 Result,Fighter 2 KD,Fighter 2 SIG STR,Fighter 2 TD,Fighter 2 SUB ATT,Fighter 2 REV,Fighter 2 Ctrl,Fighter 2 Distance,Fighter 2 Clinch,Fighter 2 Ground
"October 07, 2023",Lightweight Bout,Method:KO/TKO,Round:1,Time:0:33,Grant Dawson,L,0,0 of 6,0 of 0,0,0,0:00,0 of 6,0 of 0,0 of 0,Bobby Green,W,1,7 of 11,0 of 0,0,0,0:05,1 of 4,0 of 0,6 of 7
"October 07, 2023",Middleweight Bout,Method:Submission,Round:2,Time:2:05,Joe Pyfer,W,0,26 of 62,3 of 4,2,0,1:07,24 of 60,2 of 2,0 of 0,Abdul Razak Alhassan,L,0,11 of 28,0 of 0,1,0,0:08,11 of 27,0 of 1,0 of 0
"October 07, 2023",Welterweight Bout,Method:Decision - Unanimous,Round:3,Time:5:00,Alex Morono,L,0,40 of 141,1 of 2,0,0,0:13,37 of 133,3 of 8,0 of 0,Joaquin Buckley,W,0,68 of 176,2 of 4,0,0,2:21,55 of 141,2 of 9,11 of 26
"October 07, 2023",Lightweight Bout,Method:KO/TKO,Round:1,Time:2:36,Drew Dober,W,1,30 of 53,0 of 0,0,0,0:31,20 of 38,2 of 3,8 of 12,Ricky Glenn,L,0,5 of 22,0 of 1,0,0,0:00,5 of 22,0 of 0,0 of 0
"October 07, 2023",Featherweight Bout,Method:Decision - Unanimous,Round:3,Time:5:00,Alexander Hernandez,L,0,75 of 156,0 of 1,0,0,0:35,75 of 154,0 of 2,0 of 0,Bill Algeo,W,1,110 of 244,1 of 1,0,0,0:07,108 of 241,2 of 3,0 of 0
"October 07, 2023",Women's Strawweight Bout,Method:Decision - Unanimous,Round:3,Time:5:00,Karolina Kowalkiewicz,W,0,141 of 267,1 of 6,0,1,2:15,123 of 244,17 of 21,1 of 2,Diana Belbita,L,0,99 of 261,2 of 2,0,1,0:53,85 of 241,13 of 18,1 of 2
"October 07, 2023",Flyweight Bout,Method:KO/TKO,Round:1,Time:4:40,Nate Maness,W,0,29 of 35,0 of 0,0,0,1:31,1 of 2,2 of 3,26 of 30,Mateus Mendonca,L,0,3 of 7,0 of 3,0,0,1:14,1 of 5,2 of 2,0 of 0
"October 07, 2023",Women's Strawweight Bout,Method:Decision - Unanimous,Round:3,Time:5:00,Vanessa Demopoulos,W,0,31 of 65,0 of 1,0,1,0:42,10 of 36,7 of 10,14 of 19,Kanako Murata,L,0,34 of 64,5 of 6,0,0,10:10,10 of 23,1 of 1,23 of 40
"October 07, 2023",Bantamweight Bout,Method:Decision - Unanimous,Round:3,Time:5:00,Aoriqileng,W,1,44 of 66,2 of 4,0,0,5:39,28 of 45,1 of 3,15 of 18,Johnny Munoz,L,0,7 of 36,4 of 11,3,0,4:30,7 of 33,0 of 3,0 of 0
"October 07, 2023",Women's Flyweight Bout,Method:Decision - Unanimous,Round:3,Time:5:00,Montana De La Rosa,L,0,67 of 204,0 of 1,0,0,0:00,59 of 184,8 of 20,0 of 0,JJ Aldrich,W,0,65 of 135,0 of 0,0,0,0:22,58 of 124,7 of 11,0 of 0
"September 23, 2023",Lightweight Bout,Method:KO/TKO,Round:2,Time:2:03,Rafael Fiziev,L,0,18 of 32,0 of 0,0,0,0:00,18 of 32,0 of 0,0 of 0,Mateusz Gamrot,W,0,16 of 40,1 of 6,0,0,1:28,13 of 35,1 of 1,2 of 4
"September 23, 2023",Featherweight Bout,Method:Decision - Unanimous,Round:3,Time:5:00,Bryce Mitchell,W,0,23 of 40,5 of 15,1,0,7:33,17 of 29,1 of 3,5 of 8,Dan Ige,L,0,18 of 55,0 of 0,0,1,2:11,16 of 51,2 of 3,0 of 1
"September 23, 2023",Women's Strawweight Bout,Method:KO/TKO,Round:2,Time:2:42,Marina Rodriguez,W,0,70 of 102,1 of 1,0,0,2:03,12 of 23,53 of 73,5 of 6,Michelle Waterson-Gomez,L,0,13 of 32,1 of 6,0,0,2:49,4 of 17,7 of 9,2 of 6
"September 23, 2023",Welterweight Bout,Method:Submission,Round:2,Time:4:32,Bryan Battle,W,0,45 of 80,1 of 2,1,0,3:30,29 of 61,16 of 19,0 of 0,AJ Fletcher,L,0,25 of 51,0 of 2,0,0,0:33,20 of 41,5 of 9,0 of 1
"September 23, 2023",Featherweight Bout,Method:Submission,Round:1,Time:3:12,Ricardo Ramos,L,0,0 of 9,2 of 3,1,0,1:58,0 of 9,0 of 0,0 of 0,Charles Jourdain,W,0,8 of 9,0 of 0,1,0,0:00,7 of 8,1 of 1,0 of 0
"September 23, 2023",Bantamweight Bout,Method:Decision - Unanimous,Round:3,Time:5:00,Dan Argueta,L,0,33 of 85,2 of 6,2,0,3:55,22 of 70,5 of 8,6 of 7,Miles Johns,W,0,43 of 92,2 of 6,0,0,4:39,40 of 84,2 of 3,1 of 5
"September 23, 2023",Welterweight Bout,Method:KO/TKO,Round:3,Time:1:15,Tim Means,W,2,104 of 143,0 of 2,0,1,2:51,56 of 87,30 of 35,18 of 21,Andre Fialho,L,0,51 of 103,1 of 1,0,0,0:48,35 of 86,16 of 17,0 of 0
"September 23, 2023",Middleweight Bout,Method:DQ,Round:1,Time:4:15,Jacob Malkoun,L,0,28 of 39,1 of 3,0,0,3:39,0 of 0,0 of 0,28 of 39,Cody Brundage,W,0,2 of 4,1 of 1,0,0,0:26,1 of 3,0 of 0,1 of 1
"September 23, 2023",Heavyweight Bout,Method:Decision - Unanimous,Round:3,Time:5:00,Mohammed Usman,W,0,85 of 191,1 of 3,0,0,3:07,83 of 186,1 of 3,1 of 2,Jake Collier,L,0,87 of 183,0 of 0,2,0,0:53,80 of 171,7 of 12,0 of 0
"September 23, 2023",Women's Strawweight Bout,Method:Decision - Unanimous,Round:3,Time:5:00,Mizuki,W,0,55 of 105,1 of 2,0,0,3:31,37 of 77,17 of 26,1 of 2,Hannah Goldy,L,0,47 of 95,1 of 14,0,0,2:51,20 of 55,27 of 40,0 of 0
"September 23, 2023",Women's Bantamweight Bout,Method:Decision - Split,Round:3,Time:5:00,Tamires Vidal,L,0,60 of 109,0 of 3,1,0,0:54,60 of 108,0 of 1,0 of 0,Montserrat Rendon,W,0,69 of 182,3 of 5,0,0,4:51,55 of 151,1 of 2,13 of 29
"September 16, 2023",Welterweight Bout,Method:Decision - Split,Round:3,Time:5:00,Kevin Holland,L,0,127 of 356,0 of 2,0,0,0:00,119 of 346,8 of 10,0 of 0,Jack Della Maddalena,W,0,105 of 190,0 of 0,0,0,0:00,94 of 175,11 of 15,0 of 0
"September 16, 2023",Bantamweight Bout,Method:KO/TKO,Round:1,Time:0:54,Raul Rosas Jr.,W,1,18 of 30,0 of 0,0,0,0:17,6 of 11,1 of 2,11 of 17,Terrence Mitchell,L,0,6 of 19,0 of 0,0,0,0:00,6 of 19,0 of 0,0 of 0
"September 16, 2023",Lightweight Bout,Method:Submission,Round:2,Time:3:26,Daniel Zellhuber,W,0,36 of 101,0 of 0,1,0,0:17,35 of 100,1 of 1,0 of 0,Christos Giagos,L,0,38 of 82,0 of 6,0,0,0:11,36 of 79,2 of 3,0 of 0
"September 16, 2023",Featherweight Bout,Method:Decision - Unanimous,Round:3,Time:5:00,Fernando Padilla,L,0,72 of 208,0 of 1,0,0,0:07,65 of 198,7 of 10,0 of 0,Kyle Nelson,W,0,82 of 184,0 of 3,0,0,0:00,80 of 176,2 of 8,0 of 0
"September 16, 2023",Women's Strawweight Bout,Method:Submission,Round:2,Time:3:38,Loopy Godinez,W,1,21 of 31,5 of 5,6,0,6:29,15 of 24,3 of 3,3 of 4,Elise Reed,L,0,3 of 13,0 of 1,0,0,0:22,3 of 12,0 of 0,0 of 1
"September 16, 2023",Middleweight Bout,Method:KO/TKO,Round:2,Time:4:44,Roman Kopylov,W,1,49 of 84,0 of 0,0,0,0:03,47 of 80,2 of 4,0 of 0,Josh Fremd,L,0,38 of 116,0 of 5,0,0,0:50,37 of 115,1 of 1,0 of 0
"September 16, 2023",Women's Flyweight Bout,Method:Decision - Unanimous,Round:3,Time:5:00,Tracy Cortez,W,0,103 of 212,0 of 1,0,0,0:26,91 of 198,12 of 14,0 of 0,Jasmine Jasudavicius,L,0,77 of 206,2 of 10,0,0,3:00,58 of 176,19 of 30,0 of 0
"September 16, 2023",Lightweight Bout,Method:KO/TKO,Round:1,Time:3:38,Alex Reyes,L,0,14 of 38,0 of 2,0,0,0:01,12 of 32,2 of 6,0 of 0,Charlie Campbell,W,1,43 of 72,0 of 0,0,0,0:02,35 of 60,7 of 10,1 of 2
"September 16, 2023",Women's Strawweight Bout,Method:Decision - Unanimous,Round:3,Time:5:00,Josefine Knutsson,W,0,81 of 128,3 of 4,0,0,10:49,38 of 69,8 of 11,35 of 48,Marnic Mann,L,0,8 of 29,0 of 2,0,0,0:33,8 of 29,0 of 0,0 of 0
"September 09, 2023",UFC Middleweight Title Bout,Method:Decision - Unanimous,Round:5,Time:5:00,Israel Adesanya,L,0,94 of 271,0 of 0,0,0,0:00,94 of 271,0 of 0,0 of 0,Sean Strickland,W,1,137 of 259,0 of 0,0,0,0:14,121 of 235,11 of 14,5 of 10
"September 09, 2023",Heavyweight Bout,Method:Submission,Round:2,Time:4:37,Tai Tuivasa,L,0,28 of 67,0 of 0,0,0,0:00,26 of 65,2 of 2,0 of 0,Alexander Volkov,W,1,93 of 143,0 of 1,1,0,2:35,72 of 115,3 of 3,18 of 25
"September 09, 2023",Flyweight Bout,Method:Decision - Unanimous,Round:3,Time:5:00,Manel Kape,W,1,112 of 182,1 of 1,0,0,0:45,92 of 149,6 of 9,14 of 24,Felipe dos Santos,L,0,99 of 304,0 of 5,0,0,0:08,94 of 292,4 of 8,1 of 4
"September 09, 2023",Heavyweight Bout,Method:KO/TKO,Round:1,Time:1:22,Justin Tafa,W,1,11 of 14,0 of 0,0,0,0:05,6 of 9,0 of 0,5 of 5,Austen Lane,L,0,7 of 14,0 of 0,0,0,0:00,7 of 14,0 of 0,0 of 0
"September 09, 2023",Light Heavyweight Bout,Method:KO/TKO,Round:1,Time:2:12,Tyson Pedro,W,1,16 of 29,0 of 0,0,0,0:03,15 of 28,0 of 0,1 of 1,Anton Turkalj,L,0,8 of 24,0 of 0,0,0,0:00,6 of 21,2 of 3,0 of 0
"September 09, 2023",Light Heavyweight Bout,Method:Submission,Round:3,Time:4:49,Carlos Ulberg,W,1,81 of 154,1 of 2,1,0,1:41,59 of 126,8 of 9,14 of 19,Da Woon Jung,L,0,58 of 120,1 of 2,0,0,0:15,55 of 115,3 of 5,0 of 0
"September 09, 2023",Featherweight Bout,Method:KO/TKO,Round:2,Time:3:19,Jack Jenkins,L,0,41 of 68,0 of 1,0,0,0:07,35 of 60,6 of 8,0 of 0,Chepe Mariscal,W,0,38 of 87,1 of 1,0,0,2:46,23 of 65,14 of 21,1 of 1
"September 09, 2023",Lightweight Bout,Method:Decision - Unanimous,Round:3,Time:5:00,Jamie Mullarkey,W,0,88 of 179,0 of 2,0,0,0:00,88 of 179,0 of 0,0 of 0,John Makdessi,L,0,83 of 188,0 of 1,0,0,0:00,83 of 188,0 of 0,0 of 0
"September 09, 2023",Lightweight Bout,Method:Decision - Unanimous,Round:3,Time:5:00,Nasrat Haqparast,W,0,171 of 377,0 of 5,0,0,0:21,161 of 361,10 of 16,0 of 0,Landon Quinones,L,0,148 of 354,0 of 0,0,0,0:41,137 of 340,11 of 14,0 of 0
"September 09, 2023",Welterweight Bout,Method:Decision - Unanimous,Round:3,Time:5:00,Blood Diamond,L,0,44 of 94,0 of 3,0,0,0:21,19 of 58,25 of 36,0 of 0,Charles Radtke,W,0,35 of 76,1 of 6,0,0,9:41,27 of 59,8 of 17,0 of 0
"September 09, 2023",Featherweight Bout,Method:Submission,Round:1,Time:0:59,Shane Young,L,0,1 of 4,0 of 0,0,0,0:00,1 of 4,0 of 0,0 of 0,Gabriel Miranda,W,0,2 of 6,1 of 2,1,0,0:32,2 of 6,0 of 0,0 of 0
"September 09, 2023",Welterweight Bout,Method:Submission,Round:1,Time:4:49,Kevin Jousset,W,0,29 of 58,1 of 1,1,0,0:45,25 of 54,4 of 4,0 of 0,Kiefer Crosbie,L,0,39 of 59,0 of 0,0,0,0:00,36 of 52,3 of 7,0 of 0
"September 02, 2023",Heavyweight Bout,Method:KO/TKO,Round:2,Time:3:44,Ciryl Gane,W,0,109 of 156,0 of 0,0,0,0:09,105 of 152,4 of 4,0 of 0,Serghei Spivac,L,0,11 of 44,0 of 1,0,0,0:02,11 of 44,0 of 0,0 of 0
"September 02, 2023",Women's Flyweight Bout,Method:Decision - Unanimous,Round:3,Time:5:00,Manon Fiorot,W,0,58 of 225,0 of 1,0,0,0:24,53 of 214,4 of 10,1 of 1,Rose Namajunas,L,0,60 of 150,0 of 6,0,0,0:25,59 of 148,1 of 2,0 of 0
"September 02, 2023",Lightweight Bout,Method:KO/TKO,Round:2,Time:4:44,Benoit Saint Denis,W,0,101 of 182,5 of 9,0,0,5:20,42 of 71,10 of 14,49 of 97,Thiago Moises,L,0,24 of 62,1 of 3,1,0,0:14,23 of 59,1 of 3,0 of 0
"September 02, 2023",Light Heavyweight Bout,Method:Submission,Round:1,Time:3:46,Volkan Oezdemir,W,1,26 of 46,1 of 1,1,0,1:23,15 of 32,1 of 1,10 of 13,Bogdan Guskov,L,0,8 of 25,0 of 0,0,0,0:00,8 of 24,0 of 1,0 of 0
"September 02, 2023",Featherweight Bout,Method:KO/TKO,Round:3,Time:2:20,William Gomis,W,0,52 of 88,0 of 0,2,0,0:55,47 of 82,5 of 6,0 of 0,Yanis Ghemmouri,L,0,28 of 73,0 of 4,0,0,2:42,24 of 69,4 of 4,0 of 0
"September 02, 2023",Featherweight Bout,Method:KO/TKO,Round:1,Time:3:51,Morgan Charriere,W,1,26 of 49,0 of 0,0,0,0:03,25 of 47,1 of 1,0 of 1,Manolo Zecchini,L,0,9 of 41,0 of 0,0,0,0:00,9 of 41,0 of 0,0 of 0
"September 02, 2023",Bantamweight Bout,Method:Decision - Unanimous,Round:3,Time:5:00,Taylor Lapilus,W,0,84 of 163,0 of 0,0,0,0:18,76 of 150,7 of 12,1 of 1,Caolan Loughran,L,0,48 of 132,2 of 11,0,0,6:26,44 of 125,3 of 6,1 of 1
"September 02, 2023",Welterweight Bout,Method:Decision - Unanimous,Round:3,Time:5:00,Ange Loosa,W,0,98 of 182,6 of 10,0,0,6:07,45 of 103,32 of 51,21 of 28,Rhys McKee,L,0,77 of 183,0 of 0,0,0,0:05,70 of 172,5 of 8,2 of 3
"September 02, 2023",Women's Bantamweight Bout,Method:Decision - Unanimous,Round:3,Time:5:00,Nora Cornolle,W,0,40 of 77,0 of 0,0,3,2:11,17 of 39,23 of 38,0 of 0,Joselyne Edwards,L,0,18 of 42,5 of 8,1,0,8:42,14 of 35,4 of 6,0 of 1
"September 02, 2023",Bantamweight Bout,Method:Submission,Round:1,Time:4:15,Farid Basharat,W,0,4 of 6,2 of 5,1,0,3:15,0 of 1,1 of 1,3 of 4,Kleydson Rodrigues,L,0,7 of 8,0 of 0,0,0,0:30,4 of 5,1 of 1,2 of 2
"September 02, 2023",Catch Weight Bout,Method:Decision - Unanimous,Round:3,Time:5:00,Zarah Fairn,L,0,39 of 259,0 of 2,0,0,0:04,39 of 258,0 of 1,0 of 0,Jacqueline Cavalcanti,W,0,126 of 221,0 of 1,0,0,0:08,116 of 209,10 of 12,0 of 0
"August 26, 2023",Featherweight Bout,Method:KO/TKO,Round:3,Time:0:23,Max Holloway,W,2,75 of 128,0 of 0,1,0,0:57,71 of 124,1 of 1,3 of 3,Chan Sung Jung,L,0,34 of 124,0 of 1,0,0,0:15,34 of 122,0 of 2,0 of 0
"August 26, 2023",Light Heavyweight Bout,Method:Decision - Split,Round:3,Time:5:00,Anthony Smith,W,0,91 of 147,1 of 3,0,0,0:56,90 of 146,1 of 1,0 of 0,Ryan Spann,L,0,59 of 187,0 of 1,0,0,1:19,50 of 174,0 of 0,9 of 13
"August 26, 2023",Featherweight Bout,Method:Decision - Unanimous,Round:3,Time:5:00,Giga Chikadze,W,0,65 of 141,0 of 0,0,0,0:00,65 of 139,0 of 2,0 of 0,Alex Caceres,L,0,62 of 168,0 of 0,0,0,0:00,62 of 168,0 of 0,0 of 0
"August 26, 2023",Bantamweight Bout,Method:Decision - Unanimous,Round:3,Time:5:00,Rinya Nakamura,W,0,36 of 57,4 of 4,3,0,9:26,25 of 44,0 of 0,11 of 13,Fernie Garcia,L,0,15 of 66,0 of 0,1,0,0:00,13 of 63,0 of 1,2 of 2
"August 26, 2023",Women's Flyweight Bout,Method:Decision - Unanimous,Round:3,Time:5:00,Erin Blanchfield,W,0,61 of 128,0 of 14,0,0,8:08,43 of 102,17 of 24,1 of 2,Taila Santos,L,0,55 of 151,0 of 3,0,0,0:09,46 of 133,9 of 18,0 of 0
"August 26, 2023",Heavyweight Bout,Method:KO/TKO,Round:1,Time:1:24,Junior Tafa,W,1,8 of 13,0 of 0,0,0,0:04,4 of 7,4 of 6,0 of 0,Parker Porter,L,0,2 of 9,0 of 1,0,0,0:17,2 of 9,0 of 0,0 of 0
"August 26, 2023",Heavyweight Bout,Method:KO/TKO,Round:1,Time:3:01,Waldo Cortes-Acosta,W,1,15 of 45,0 of 0,0,0,0:00,12 of 42,3 of 3,0 of 0,Lukasz Brzeski,L,0,14 of 22,0 of 0,0,0,0:00,14 of 22,0 of 0,0 of 0
"August 26, 2023",Bantamweight Bout,Method:KO/TKO,Round:1,Time:4:16,Toshiomi Kazama,L,0,15 of 31,0 of 2,0,0,0:00,15 of 30,0 of 1,0 of 0,Garrett Armfield,W,1,45 of 77,0 of 0,0,0,0:26,40 of 68,0 of 0,5 of 9
"August 26, 2023",Middleweight Bout,Method:KO/TKO,Round:1,Time:4:16,Chidi Njokuani,L,0,29 of 57,0 of 2,0,0,0:09,19 of 37,10 of 20,0 of 0,Michal Oleksiejczuk,W,0,44 of 72,1 of 1,0,0,1:36,17 of 36,4 of 5,23 of 31
"August 26, 2023",Welterweight Bout,Method:Decision - Unanimous,Round:3,Time:5:00,Song Kenan,W,1,75 of 149,0 of 0,0,0,0:40,68 of 140,6 of 8,1 of 1,Rolando Bedoya,L,0,112 of 258,0 of 4,0,0,0:33,104 of 245,8 of 13,0 of 0
"August 26, 2023",Welterweight Bout,Method:KO/TKO,Round:1,Time:3:49,Billy Goff,W,1,40 of 85,0 of 1,0,0,0:05,36 of 78,2 of 2,2 of 5,Yusaku Kinoshita,L,0,17 of 53,0 of 0,0,0,0:00,17 of 52,0 of 1,0 of 0
"August 26, 2023",Women's Flyweight Bout,Method:KO/TKO,Round:2,Time:4:49,Liang Na,L,0,11 of 41,3 of 4,0,0,1:38,9 of 36,2 of 5,0 of 0,JJ Aldrich,W,0,47 of 65,0 of 0,0,1,5:11,9 of 18,1 of 2,37 of 45
"August 26, 2023",Featherweight Bout,Method:Decision - Unanimous,Round:3,Time:5:00,SeungWoo Choi,W,1,56 of 115,1 of 1,0,0,5:21,51 of 107,2 of 3,3 of 5,Jarno Errens,L,1,30 of 76,0 of 4,0,0,1:34,30 of 73,0 of 2,0 of 1
"August 19, 2023",UFC Bantamweight Title Bout,Method:KO/TKO,Round:2,Time:0:51,Aljamain Sterling,L,0,17 of 35,0 of 2,0,0,0:34,16 of 33,1 of 2,0 of 0,Sean O'Malley,W,1,25 of 35,0 of 0,0,0,0:18,10 of 16,1 of 1,14 of 18
"August 19, 2023",UFC Women's Strawweight Title Bout,Method:Decision - Unanimous,Round:5,Time:5:00,Zhang Weili,W,1,163 of 217,6 of 7,0,0,16:07,50 of 77,17 of 18,96 of 122,Amanda Lemos,L,0,24 of 63,0 of 0,2,0,0:34,23 of 61,1 of 2,0 of 0
"August 19, 2023",Welterweight Bout,Method:Decision - Unanimous,Round:3,Time:5:00,Neil Magny,L,0,27 of 66,0 of 2,0,0,1:10,25 of 61,2 of 5,0 of 0,Ian Garry,W,0,91 of 150,2 of 2,0,0,2:32,84 of 140,4 of 5,3 of 5
"August 19, 2023",Bantamweight Bout,Method:Decision - Unanimous,Round:3,Time:5:00,Da'Mon Blackshear,L,0,90 of 174,4 of 7,0,0,3:00,52 of 129,37 of 42,1 of 3,Mario Bautista,W,0,79 of 137,2 of 10,1,0,4:04,51 of 101,24 of 30,4 of 6
"August 19, 2023",Bantamweight Bout,Method:Decision - Unanimous,Round:3,Time:5:00,Marlon Vera,W,0,141 of 251,0 of 1,0,0,0:00,138 of 246,3 of 4,0 of 1,Pedro Munhoz,L,0,113 of 246,0 of 1,0,0,0:00,111 of 244,2 of 2,0 of 0
"August 19, 2023",Middleweight Bout,Method:Decision - Unanimous,Round:3,Time:5:00,Chris Weidman,L,0,37 of 92,0 of 8,0,0,1:21,35 of 90,2 of 2,0 of 0,Brad Tavares,W,0,70 of 115,0 of 0,0,0,0:00,68 of 113,2 of 2,0 of 0
"August 19, 2023",Middleweight Bout,Method:KO/TKO,Round:1,Time:1:43,Gregory Rodrigues,W,0,5 of 6,1 of 2,0,0,0:47,1 of 2,0 of 0,4 of 4,Denis Tiuliulin,L,0,2 of 7,0 of 0,0,0,0:00,2 of 7,0 of 0,0 of 0
"August 19, 2023",Lightweight Bout,Method:Submission,Round:2,Time:2:39,Kurt Holobaugh,W,0,61 of 119,0 of 0,2,0,1:08,50 of 106,9 of 10,2 of 3,Austin Hubbard,L,0,44 of 107,2 of 6,0,0,2:23,31 of 87,9 of 12,4 of 8
"August 19, 2023",Bantamweight Bout,Method:Decision - Unanimous,Round:3,Time:5:00,Brad Katona,W,0,160 of 311,0 of 2,0,0,0:00,127 of 262,33 of 49,0 of 0,Cody Gibson,L,0,164 of 268,0 of 1,0,0,0:00,134 of 233,30 of 35,0 of 0
"August 19, 2023",Middleweight Bout,Method:Decision - Split,Round:3,Time:5:00,Andre Petroski,W,1,57 of 132,2 of 5,0,0,2:06,46 of 117,3 of 4,8 of 11,Gerald Meerschaert,L,0,76 of 149,1 of 3,0,0,1:54,60 of 131,10 of 10,6 of 8
"August 19, 2023",Women's Flyweight Bout,Method:Decision - Unanimous,Round:3,Time:5:00,Andrea Lee,L,0,43 of 125,0 of 0,0,0,0:00,43 of 125,0 of 0,0 of 0,Natalia Silva,W,0,70 of 174,0 of 0,0,0,0:00,70 of 174,0 of 0,0 of 0
"August 19, 2023",Women's Flyweight Bout,Method:Submission,Round:1,Time:4:59,Karine Silva,W,1,30 of 53,1 of 1,1,0,0:51,18 of 40,11 of 12,1 of 1,Maryna Moroz,L,0,16 of 55,0 of 0,0,1,1:41,10 of 47,6 of 8,0 of 0
"August 12, 2023",Welterweight Bout,Method:Decision - Unanimous,Round:5,Time:5:00,Vicente Luque,W,0,72 of 141,8 of 11,0,0,12:01,60 of 127,8 of 8,4 of 6,Rafael Dos Anjos,L,0,66 of 136,2 of 7,1,0,3:54,38 of 105,26 of 27,2 of 4
"August 12, 2023",Featherweight Bout,Method:Decision - Unanimous,Round:3,Time:5:00,Cub Swanson,W,0,77 of 156,1 of 2,0,0,1:25,59 of 135,18 of 21,0 of 0,Hakeem Dawodu,L,0,95 of 176,0 of 0,0,1,3:10,79 of 158,16 of 18,0 of 0
"August 12, 2023",Light Heavyweight Bout,Method:KO/TKO,Round:1,Time:2:40,Khalil Rountree Jr.,W,1,16 of 24,0 of 0,0,0,0:31,11 of 17,3 of 4,2 of 3,Chris Daukaus,L,0,8 of 21,0 of 1,0,0,0:04,7 of 19,1 of 2,0 of 0
"August 12, 2023",Women's Strawweight Bout,Method:Submission,Round:2,Time:3:42,Polyana Viana,L,0,10 of 25,1 of 3,0,0,1:58,10 of 25,0 of 0,0 of 0,Iasmin Lucindo,W,0,10 of 24,2 of 2,1,0,3:13,9 of 21,0 of 0,1 of 3
"August 12, 2023",Middleweight Bout,Method:Decision - Unanimous,Round:3,Time:5:00,AJ Dobson,W,0,67 of 134,2 of 3,0,0,4:33,61 of 119,2 of 5,4 of 10,Tafon Nchukwi,L,0,53 of 99,0 of 0,0,0,0:00,49 of 92,4 of 7,0 of 0
"August 12, 2023",Middleweight Bout,Method:Decision - Unanimous,Round:3,Time:5:00,Josh Fremd,W,0,31 of 80,0 of 3,2,1,7:15,22 of 64,6 of 11,3 of 5,Jamie Pickett,L,0,14 of 52,2 of 3,0,0,3:01,11 of 45,3 of 7,0 of 0
"August 12, 2023",Bantamweight Bout,Method:KO/TKO,Round:1,Time:2:19,JP Buys,L,0,4 of 30,0 of 1,0,0,0:00,4 of 29,0 of 1,0 of 0,Marcus McGhee,W,1,7 of 13,0 of 0,0,0,0:05,7 of 13,0 of 0,0 of 0
"August 12, 2023",Lightweight Bout,Method:KO/TKO,Round:1,Time:1:25,Terrance McKinney,W,0,30 of 47,0 of 2,0,0,0:03,16 of 30,11 of 14,3 of 3,Mike Breeden,L,0,1 of 5,0 of 1,0,0,0:00,1 of 5,0 of 0,0 of 0
"August 12, 2023",Featherweight Bout,Method:KO/TKO,Round:1,Time:4:48,Francis Marshall,L,0,2 of 7,0 of 0,0,0,0:00,2 of 7,0 of 0,0 of 0,Isaac Dulgarian,W,0,35 of 53,1 of 1,0,0,4:18,3 of 4,0 of 0,32 of 49
"August 12, 2023",Heavyweight Bout,Method:Submission,Round:1,Time:4:11,Josh Parisian,L,0,26 of 61,0 of 0,0,0,0:13,20 of 47,6 of 14,0 of 0,Martin Buday,W,0,42 of 67,1 of 1,1,0,1:56,28 of 49,14 of 18,0 of 0
"August 12, 2023",Women's Strawweight Bout,Method:KO/TKO,Round:3,Time:3:41,Jaqueline Amorim,W,0,86 of 136,1 of 3,4,2,8:05,6 of 15,0 of 0,80 of 121,Montserrat Conejo Ruiz,L,0,6 of 36,1 of 1,0,0,3:39,5 of 31,0 of 1,1 of 4
"August 12, 2023",Bantamweight Bout,Method:Submission,Round:1,Time:3:47,Da'Mon Blackshear,W,0,18 of 30,2 of 4,1,0,2:57,5 of 13,6 of 8,7 of 9,Jose Johnson,L,0,8 of 12,0 of 0,0,0,0:00,7 of 9,0 of 2,1 of 1
"August 12, 2023",Women's Flyweight Bout,Method:KO/TKO,Round:1,Time:3:41,Juliana Miller,L,0,24 of 75,0 of 2,0,0,0:29,18 of 64,6 of 11,0 of 0,Luana Santos,W,0,63 of 105,0 of 0,0,0,0:26,53 of 88,10 of 17,0 of 0
"August 05, 2023",Catch Weight Bout,Method:Decision - Unanimous,Round:5,Time:5:00,Cory Sandhagen,W,0,34 of 84,7 of 7,1,0,19:38,10 of 47,0 of 1,24 of 36,Rob Font,L,0,9 of 49,1 of 2,0,0,1:08,8 of 44,0 of 3,1 of 2
"August 05, 2023",Women's Strawweight Bout,Method:Submission,Round:2,Time:1:31,Jessica Andrade,L,0,11 of 29,0 of 0,0,0,0:17,8 of 23,3 of 6,0 of 0,Tatiana Suarez,W,0,23 of 49,3 of 3,1,0,2:22,13 of 36,10 of 13,0 of 0
"August 05, 2023",Light Heavyweight Bout,Method:KO/TKO,Round:1,Time:1:22,Dustin Jacoby,W,1,10 of 33,0 of 0,0,0,0:04,10 of 26,0 of 0,0 of 7,Kennedy Nzechukwu,L,0,4 of 18,0 of 0,0,0,0:00,4 of 18,0 of 0,0 of 0
"August 05, 2023",Featherweight Bout,Method:Submission,Round:1,Time:1:38,Diego Lopes,W,0,0 of 4,0 of 0,3,0,0:00,0 of 4,0 of 0,0 of 0,Gavin Tucker,L,0,0 of 6,1 of 1,0,0,0:39,0 of 6,0 of 0,0 of 0
"August 05, 2023",Light Heavyweight Bout,Method:Decision - Unanimous,Round:3,Time:5:00,Tanner Boser,W,0,120 of 215,0 of 0,0,0,5:27,87 of 174,33 of 41,0 of 0,Aleksa Camur,L,0,68 of 136,0 of 1,0,0,1:01,46 of 108,22 of 28,0 of 0
"August 05, 2023",Lightweight Bout,Method:Decision - Unanimous,Round:3,Time:5:00,Ignacio Bahamondes,L,0,43 of 139,0 of 1,0,0,0:07,41 of 133,2 of 6,0 of 0,Ludovit Klein,W,0,56 of 108,3 of 5,0,0,6:05,43 of 88,1 of 1,12 of 19
"August 05, 2023",Bantamweight Bout,Method:Decision - Unanimous,Round:3,Time:5:00,Kyler Phillips,W,1,72 of 187,1 of 4,0,0,0:47,62 of 174,6 of 8,4 of 5,Raoni Barcelos,L,0,46 of 116,3 of 11,0,0,1:42,39 of 105,7 of 10,0 of 1
"August 05, 2023",Welterweight Bout,Method:Submission,Round:3,Time:1:50,Jeremiah Wells,L,0,18 of 48,3 of 5,2,0,9:26,5 of 25,2 of 3,11 of 20,Carlston Harris,W,0,5 of 19,0 of 1,1,0,0:13,5 of 19,0 of 0,0 of 0
"August 05, 2023",Featherweight Bout,Method:Decision - Unanimous,Round:3,Time:5:00,Billy Quarantillo,W,0,100 of 188,0 of 0,1,0,1:51,58 of 140,42 of 48,0 of 0,Damon Jackson,L,0,67 of 173,3 of 13,0,0,6:10,53 of 148,10 of 15,4 of 10
"August 05, 2023",Flyweight Bout,Method:Decision - Unanimous,Round:3,Time:5:00,Cody Durden,W,0,38 of 85,4 of 6,1,0,7:25,30 of 67,1 of 1,7 of 17,Jake Hadley,L,0,26 of 83,0 of 3,3,1,2:04,23 of 76,3 of 7,0 of 0
"August 05, 2023",Featherweight Bout,Method:Decision - Unanimous,Round:3,Time:5:00,Sean Woodson,W,0,71 of 126,4 of 5,0,0,5:52,61 of 113,8 of 11,2 of 2,Dennis Buzukja,L,0,42 of 116,0 of 1,0,1,2:30,32 of 96,5 of 8,5 of 12
"August 05, 2023",Flyweight Bout,Method:Submission,Round:2,Time:3:11,Ode Osbourne,L,0,4 of 18,0 of 0,0,0,0:21,3 of 17,0 of 0,1 of 1,Assu Almabayev,W,0,26 of 40,2 of 5,2,0,5:24,9 of 14,0 of 0,17 of 26
"July 29, 2023",Lightweight Bout,Method:KO/TKO,Round:2,Time:1:00,Dustin Poirier,L,0,27 of 52,0 of 0,0,0,0:00,25 of 49,2 of 3,0 of 0,Justin Gaethje,W,1,41 of 66,0 of 0,0,0,0:00,38 of 63,2 of 2,1 of 1
"July 29, 2023",Light Heavyweight Bout,Method:Decision - Split,Round:3,Time:5:00,Jan Blachowicz,L,0,52 of 81,3 of 8,2,0,7:32,41 of 67,3 of 5,8 of 9,Alex Pereira,W,0,70 of 92,0 of 0,1,0,0:06,62 of 83,7 of 8,1 of 1
"July 29, 2023",Heavyweight Bout,Method:KO/TKO,Round:1,Time:0:33,Derrick Lewis,W,1,17 of 33,0 of 0,0,0,0:29,1 of 1,0 of 0,16 of 32,Marcos Rogerio de Lima,L,0,1 of 1,0 of 0,0,0,0:00,0 of 0,0 of 0,1 of 1
"July 29, 2023",Lightweight Bout,Method:Submission,Round:3,Time:4:54,Tony Ferguson,L,0,54 of 123,0 of 3,0,0,0:13,50 of 118,2 of 2,2 of 3,Bobby Green,W,0,137 of 217,0 of 0,1,0,3:25,115 of 183,1 of 1,21 of 33
"July 29, 2023",Welterweight Bout,Method:Submission,Round:1,Time:2:39,Michael Chiesa,L,0,4 of 11,0 of 5,0,0,0:15,3 of 7,1 of 4,0 of 0,Kevin Holland,W,0,9 of 16,0 of 0,1,0,0:40,4 of 9,4 of 5,1 of 2
"July 29, 2023",Welterweight Bout,Method:Submission,Round:1,Time:1:13,Gabriel Bonfim,W,0,3 of 11,1 of 1,1,0,0:26,3 of 11,0 of 0,0 of 0,Trevin Giles,L,0,1 of 5,0 of 0,0,0,0:14,1 of 5,0 of 0,0 of 0
"July 29, 2023",Flyweight Bout,Method:Decision - Unanimous,Round:3,Time:5:00,CJ Vergara,W,0,109 of 181,0 of 0,0,0,0:00,104 of 176,5 of 5,0 of 0,Vinicius Salvador,L,0,88 of 195,0 of 2,0,0,0:01,87 of 194,1 of 1,0 of 0
"July 29, 2023",Middleweight Bout,Method:KO/TKO,Round:2,Time:0:33,Roman Kopylov,W,1,32 of 42,0 of 0,0,0,0:03,29 of 38,2 of 3,1 of 1,Claudio Ribeiro,L,0,32 of 59,0 of 1,0,0,0:16,29 of 56,3 of 3,0 of 0
"July 29, 2023",Welterweight Bout,Method:Submission,Round:2,Time:2:37,Jake Matthews,W,0,60 of 101,0 of 1,1,0,1:15,47 of 84,2 of 5,11 of 12,Darrius Flowers,L,0,36 of 64,1 of 3,0,0,1:03,31 of 57,5 of 7,0 of 0
"July 29, 2023",Welterweight Bout,Method:KO/TKO,Round:3,Time:2:36,Matthew Semelsberger,L,1,52 of 120,0 of 2,0,0,1:13,42 of 106,3 of 5,7 of 9,Uros Medic,W,1,69 of 128,1 of 1,0,0,0:22,50 of 104,13 of 18,6 of 6
"July 29, 2023",Women's Flyweight Bout,Method:Submission,Round:3,Time:2:11,Miranda Maverick,W,0,36 of 51,3 of 9,1,0,8:54,16 of 29,2 of 2,18 of 20,Priscila Cachoeira,L,0,11 of 23,0 of 0,0,0,0:00,10 of 22,0 of 0,1 of 1
"July 22, 2023",Heavyweight Bout,Method:KO/TKO,Round:1,Time:1:13,Tom Aspinall,W,1,13 of 18,0 of 0,0,0,0:05,7 of 10,0 of 0,6 of 8,Marcin Tybura,L,0,4 of 15,0 of 0,0,0,0:00,4 of 15,0 of 0,0 of 0
"July 22, 2023",Women's Flyweight Bout,Method:Submission,Round:1,Time:1:55,Molly McCann,L,0,6 of 16,0 of 0,0,0,0:07,6 of 16,0 of 0,0 of 0,Julija Stoliarenko,W,0,9 of 29,1 of 1,1,0,0:19,9 of 29,0 of 0,0 of 0
"July 22, 2023",Featherweight Bout,Method:Decision - Unanimous,Round:3,Time:5:00,Nathaniel Wood,W,1,84 of 148,1 of 2,0,0,1:47,71 of 123,0 of 0,13 of 25,Andre Fili,L,1,58 of 151,0 of 2,0,1,2:55,53 of 144,3 of 5,2 of 2
"July 22, 2023",Middleweight Bout,Method:KO/TKO,Round:2,Time:4:40,Paul Craig,W,0,40 of 82,2 of 2,1,0,2:56,10 of 32,0 of 0,30 of 50,Andre Muniz,L,0,24 of 40,2 of 2,0,0,1:47,15 of 27,1 of 1,8 of 12
"July 22, 2023",Lightweight Bout,Method:Decision - Unanimous,Round:3,Time:5:00,Jai Herbert,L,0,49 of 134,0 of 6,0,0,4:12,38 of 119,11 of 15,0 of 0,Fares Ziam,W,0,61 of 113,1 of 5,0,0,1:30,45 of 93,16 of 20,0 of 0
"July 22, 2023",Featherweight Bout,Method:Decision - Unanimous,Round:3,Time:5:00,Lerone Murphy,W,1,59 of 109,3 of 5,2,0,7:38,24 of 61,12 of 14,23 of 34,Josh Culibao,L,0,23 of 59,0 of 2,0,0,1:30,19 of 53,4 of 6,0 of 0
"July 22, 2023",Bantamweight Bout,Method:Decision - Split,Round:3,Time:5:00,Davey Grant,L,0,70 of 215,0 of 1,0,0,0:06,70 of 213,0 of 2,0 of 0,Daniel Marcos,W,0,48 of 140,1 of 1,0,0,0:13,47 of 139,1 of 1,0 of 0
"July 22, 2023",Welterweight Bout,Method:KO/TKO,Round:2,Time:4:57,Danny Roberts,L,0,44 of 133,0 of 2,0,0,0:05,44 of 132,0 of 1,0 of 0,Jonny Parsons,W,2,63 of 124,0 of 0,0,0,1:26,51 of 101,7 of 15,5 of 8
"July 22, 2023",Lightweight Bout,Method:Submission,Round:2,Time:4:26,Marc Diakiese,L,0,20 of 46,2 of 3,0,0,3:09,20 of 46,0 of 0,0 of 0,Joel Alvarez,W,0,42 of 75,0 of 1,1,0,1:26,37 of 70,2 of 2,3 of 3
"July 22, 2023",Heavyweight Bout,Method:Decision - Unanimous,Round:3,Time:5:00,Mick Parkin,W,0,95 of 156,0 of 0,0,0,0:00,92 of 151,3 of 5,0 of 0,Jamal Pogues,L,0,36 of 135,0 of 1,0,0,1:17,34 of 132,2 of 3,0 of 0
"July 22, 2023",Middleweight Bout,Method:Decision - Unanimous,Round:3,Time:5:00,Makhmud Muradov,W,2,54 of 97,13 of 16,0,0,5:10,46 of 79,5 of 11,3 of 7,Bryan Barberena,L,0,28 of 81,0 of 1,0,0,0:02,27 of 79,1 of 2,0 of 0
"July 22, 2023",Women's Bantamweight Bout,Method:Decision - Unanimous,Round:3,Time:5:00,Ketlen Vieira,W,0,15 of 33,3 of 3,3,0,10:49,8 of 25,1 of 2,6 of 6,Pannie Kianzad,L,0,22 of 51,0 of 0,0,1,2:11,10 of 30,0 of 0,12 of 21
"July 22, 2023",Lightweight Bout,Method:Decision - Unanimous,Round:3,Time:5:00,Chris Duncan,W,0,85 of 206,2 of 4,0,0,0:48,82 of 200,3 of 6,0 of 0,Yanal Ashmouz,L,0,35 of 98,0 of 1,0,0,0:00,34 of 96,1 of 2,0 of 0
"July 22, 2023",Women's Strawweight Bout,Method:Decision - Unanimous,Round:3,Time:5:00,Shauna Bannon,L,0,54 of 144,0 of 2,0,0,1:05,51 of 139,3 of 5,0 of 0,Bruna Brasil,W,0,56 of 90,2 of 3,0,0,3:21,39 of 72,12 of 13,5 of 5
"July 22, 2023",Flyweight Bout,Method:Submission,Round:1,Time:3:26,Jafel Filho,W,0,21 of 54,1 of 4,1,0,0:55,21 of 54,0 of 0,0 of 0,Daniel Barez,L,1,18 of 30,0 of 0,0,0,0:12,18 of 27,0 of 1,0 of 2
"July 15, 2023",Women's Bantamweight Bout,Method:Submission,Round:2,Time:0:38,Holly Holm,L,0,27 of 39,0 of 1,0,0,3:05,21 of 31,6 of 8,0 of 0,Mayra Bueno Silva,W,0,20 of 37,0 of 0,1,0,0:00,13 of 28,7 of 9,0 of 0
"July 15, 2023",Welterweight Bout,Method:Decision - Split,Round:3,Time:5:00,Jack Della Maddalena,W,0,83 of 137,1 of 2,0,0,1:19,68 of 119,14 of 17,1 of 1,Bassil Hafez,L,0,32 of 124,3 of 20,0,1,6:48,28 of 118,4 of 6,0 of 0
"July 15, 2023",Lightweight Bout,Method:KO/TKO,Round:1,Time:4:05,Ottman Azaitar,L,0,14 of 33,0 of 0,0,0,0:00,12 of 28,2 of 5,0 of 0,Francisco Prado,W,1,38 of 57,0 of 3,0,0,0:49,17 of 30,1 of 1,20 of 26
"July 15, 2023",Middleweight Bout,Method:Submission,Round:2,Time:4:45,Albert Duraev,L,0,31 of 77,1 of 2,0,0,1:14,31 of 76,0 of 1,0 of 0,JunYong Park,W,1,50 of 96,0 of 1,3,0,1:59,47 of 93,2 of 2,1 of 1
"July 15, 2023",Women's Featherweight Bout,Method:Decision - Unanimous,Round:3,Time:5:00,Norma Dumont,W,0,47 of 76,3 of 3,0,0,8:58,28 of 49,10 of 12,9 of 15,Chelsea Chandler,L,0,22 of 61,1 of 3,0,0,2:30,13 of 44,9 of 17,0 of 0
"July 15, 2023",Lightweight Bout,Method:Submission,Round:2,Time:1:07,Nazim Sadykhov,W,0,8 of 15,0 of 0,1,1,0:55,6 of 13,0 of 0,2 of 2,Terrance McKinney,L,0,6 of 14,2 of 5,0,0,4:16,4 of 12,2 of 2,0 of 0
"July 15, 2023",Featherweight Bout,Method:Decision - Unanimous,Round:3,Time:5:00,Tucker Lutz,L,0,36 of 109,3 of 9,0,0,6:19,34 of 105,2 of 4,0 of 0,Melsik Baghdasaryan,W,0,64 of 108,0 of 0,0,0,0:42,50 of 88,11 of 16,3 of 4
"July 15, 2023",Women's Strawweight Bout,Method:KO/TKO,Round:1,Time:0:34,Viktoriia Dudakova,W,0,3 of 11,1 of 1,0,0,0:06,2 of 10,0 of 0,1 of 1,Istela Nunes,L,0,2 of 6,0 of 0,0,0,0:00,2 of 6,0 of 0,0 of 0
"July 15, 2023",Featherweight Bout,Method:Decision - Unanimous,Round:3,Time:5:00,Austin Lingo,L,0,39 of 139,0 of 0,0,0,0:00,39 of 139,0 of 0,0 of 0,Melquizael Costa,W,0,100 of 220,3 of 8,1,0,2:44,93 of 209,6 of 9,1 of 2
"July 15, 2023",Lightweight Bout,Method:Decision - Unanimous,Round:3,Time:5:00,Evan Elder,W,1,96 of 195,1 of 1,1,0,0:06,96 of 193,0 of 1,0 of 1,Genaro Valdez,L,1,64 of 236,0 of 0,0,0,0:00,62 of 231,2 of 5,0 of 0
"July 15, 2023",Flyweight Bout,Method:Decision - Split,Round:3,Time:5:00,Tyson Nam,L,0,81 of 213,0 of 0,0,0,0:30,79 of 209,2 of 4,0 of 0,Azat Maksum,W,0,46 of 189,2 of 11,0,0,0:22,46 of 183,0 of 6,0 of 0
"July 15, 2023",Lightweight Bout,Method:Decision - Unanimous,Round:3,Time:5:00,Alexander Munoz,W,1,44 of 111,3 of 7,0,0,3:54,27 of 87,2 of 3,15 of 21,Carl Deaton,L,0,37 of 108,0 of 2,0,0,0:00,36 of 106,1 of 2,0 of 0
"July 15, 2023",Women's Bantamweight Bout,Method:Decision - Unanimous,Round:3,Time:5:00,Ashlee Evans-Smith,L,0,12 of 47,0 of 1,0,0,0:08,7 of 40,5 of 7,0 of 0,Ailin Perez,W,0,60 of 104,10 of 15,0,0,11:36,12 of 32,14 of 23,34 of 49
"July 08, 2023",UFC Featherweight Title Bout,Method:KO/TKO,Round:3,Time:4:19,Alexander Volkanovski,W,0,66 of 97,7 of 12,0,0,7:13,25 of 45,4 of 6,37 of 46,Yair Rodriguez,L,0,40 of 80,0 of 0,0,0,0:00,38 of 77,0 of 0,2 of 3
"July 08, 2023",UFC Flyweight Title Bout,Method:Decision - Split,Round:5,Time:5:00,Brandon Moreno,L,0,147 of 245,2 of 4,0,3,4:01,128 of 220,12 of 14,7 of 11,Alexandre Pantoja,W,1,129 of 274,6 of 11,0,0,8:26,104 of 239,13 of 21,12 of 14
"July 08, 2023",Middleweight Bout,Method:KO/TKO,Round:2,Time:2:23,Robert Whittaker,L,0,31 of 70,1 of 1,0,0,0:23,29 of 68,2 of 2,0 of 0,Dricus Du Plessis,W,1,62 of 104,1 of 1,0,0,0:57,41 of 77,8 of 10,13 of 17
"July 08, 2023",Lightweight Bout,Method:Decision - Split,Round:3,Time:5:00,Jalin Turner,L,0,100 of 177,1 of 3,0,0,0:18,78 of 152,18 of 21,4 of 4,Dan Hooker,W,1,125 of 197,0 of 2,1,0,3:09,100 of 157,19 of 31,6 of 9
"July 08, 2023",Middleweight Bout,Method:KO/TKO,Round:1,Time:0:38,Bo Nickal,W,1,7 of 10,0 of 1,0,0,0:02,6 of 9,0 of 0,1 of 1,Val Woodburn,L,0,2 of 9,0 of 0,0,0,0:00,2 of 9,0 of 0,0 of 0
"July 08, 2023",Welterweight Bout,Method:KO/TKO,Round:1,Time:0:38,Robbie Lawler,W,1,8 of 10,0 of 0,0,0,0:00,4 of 6,4 of 4,0 of 0,Niko Price,L,0,2 of 7,0 of 0,0,0,0:00,1 of 6,1 of 1,0 of 0
"July 08, 2023",Catch Weight Bout,Method:Decision - Unanimous,Round:3,Time:5:00,Tatsuro Taira,W,0,61 of 78,2 of 3,1,1,9:53,26 of 36,0 of 0,35 of 42,Edgar Chairez,L,1,25 of 38,0 of 0,2,1,0:25,25 of 38,0 of 0,0 of 0
"July 08, 2023",Women's Strawweight Bout,Method:KO/TKO,Round:1,Time:0:20,Yazmin Jauregui,L,0,0 of 1,0 of 0,0,0,0:00,0 of 1,0 of 0,0 of 0,Denise Gomes,W,1,17 of 20,0 of 0,0,0,0:10,4 of 6,0 of 0,13 of 14
"July 08, 2023",Light Heavyweight Bout,Method:Submission,Round:2,Time:1:55,Jimmy Crute,L,0,26 of 53,1 of 5,0,0,1:12,6 of 31,20 of 22,0 of 0,Alonzo Menifield,W,0,21 of 36,0 of 0,1,0,1:45,17 of 32,4 of 4,0 of 0
"July 08, 2023",Light Heavyweight Bout,Method:Submission,Round:3,Time:3:42,Vitor Petrino,W,0,44 of 81,4 of 6,2,0,8:39,24 of 58,1 of 1,19 of 22,Marcin Prachnio,L,0,55 of 88,0 of 1,0,0,0:18,41 of 73,14 of 15,0 of 0
"July 08, 2023",Bantamweight Bout,Method:KO/TKO,Round:1,Time:3:10,Cameron Saaiman,W,0,18 of 32,2 of 2,1,1,1:37,0 of 2,4 of 6,14 of 24,Terrence Mitchell,L,0,3 of 7,1 of 2,0,0,1:06,0 of 3,2 of 3,1 of 1
"July 08, 2023",Flyweight Bout,Method:KO/TKO,Round:1,Time:0:17,Shannon Ross,L,0,2 of 3,0 of 0,0,0,0:00,2 of 3,0 of 0,0 of 0,Jesus Aguilar,W,1,2 of 3,0 of 0,0,0,0:00,2 of 3,0 of 0,0 of 0
"July 08, 2023",Lightweight Bout,Method:Decision - Unanimous,Round:3,Time:5:00,Kamuela Kirk,L,0,56 of 107,3 of 14,1,0,6:20,51 of 101,5 of 6,0 of 0,Esteban Ribovics,W,0,115 of 202,2 of 2,0,0,1:15,92 of 172,10 of 13,13 of 17
"July 01, 2023",Middleweight Bout,Method:KO/TKO,Round:2,Time:4:20,Sean Strickland,W,1,81 of 188,0 of 0,0,0,0:10,67 of 168,0 of 0,14 of 20,Abus Magomedov,L,0,47 of 101,1 of 2,0,0,0:23,47 of 101,0 of 0,0 of 0
"July 01, 2023",Lightweight Bout,Method:Decision - Unanimous,Round:3,Time:5:00,Damir Ismagulov,L,0,13 of 28,0 of 0,0,1,0:08,13 of 28,0 of 0,0 of 0,Grant Dawson,W,0,30 of 57,3 of 5,1,0,12:24,9 of 35,1 of 1,20 of 21
"July 01, 2023",Welterweight Bout,Method:Decision - Unanimous,Round:3,Time:5:00,Max Griffin,L,0,36 of 102,0 of 8,0,0,2:10,35 of 99,1 of 3,0 of 0,Michael Morales,W,0,72 of 164,1 of 1,0,0,0:27,68 of 159,4 of 5,0 of 0
"July 01, 2023",Women's Flyweight Bout,Method:Decision - Split,Round:3,Time:5:00,Ariane Lipski,W,0,66 of 149,1 of 1,0,0,0:47,53 of 131,12 of 15,1 of 3,Melissa Gatto,L,0,85 of 186,0 of 7,0,0,2:57,70 of 165,15 of 21,0 of 0
"July 01, 2023",Lightweight Bout,Method:Submission,Round:1,Time:4:48,Ismael Bonfim,L,0,14 of 24,0 of 0,0,0,0:10,8 of 18,5 of 5,1 of 1,Benoit Saint Denis,W,0,13 of 33,2 of 7,2,0,2:57,11 of 29,2 of 4,0 of 0
"July 01, 2023",Middleweight Bout,Method:KO/TKO,Round:1,Time:1:17,Brunno Ferreira,L,0,3 of 5,0 of 0,0,0,0:00,3 of 5,0 of 0,0 of 0,Nursulton Ruziboev,W,0,6 of 9,1 of 1,0,0,0:01,3 of 5,0 of 0,3 of 4
"July 01, 2023",Welterweight Bout,Method:Submission,Round:1,Time:0:55,Kevin Lee,L,0,3 of 8,0 of 0,0,0,0:00,3 of 8,0 of 0,0 of 0,Rinat Fakhretdinov,W,1,11 of 17,0 of 0,1,0,0:20,11 of 17,0 of 0,0 of 0
"July 01, 2023",Featherweight Bout,Method:KO/TKO,Round:1,Time:2:54,Joanderson Brito,W,0,22 of 30,1 of 1,0,0,2:08,5 of 10,3 of 3,14 of 17,Westin Wilson,L,0,4 of 8,0 of 0,2,0,0:00,3 of 7,1 of 1,0 of 0
"July 01, 2023",Women's Featherweight Bout,Method:Decision - Split,Round:3,Time:5:00,Yana Santos,L,0,95 of 156,0 of 0,0,0,3:53,63 of 113,32 of 43,0 of 0,Karol Rosa,W,0,66 of 130,1 of 1,0,0,0:41,48 of 106,12 of 14,6 of 10
"July 01, 2023",Lightweight Bout,Method:KO/TKO,Round:3,Time:3:17,Guram Kutateladze,L,0,85 of 163,1 of 3,0,0,2:23,54 of 122,25 of 30,6 of 11,Elves Brener,W,1,65 of 132,2 of 7,0,0,2:48,53 of 112,6 of 8,6 of 12
"July 01, 2023",Women's Flyweight Bout,Method:Decision - Unanimous,Round:3,Time:5:00,Ivana Petrovic,L,0,22 of 62,2 of 6,2,1,4:11,16 of 50,4 of 10,2 of 2,Luana Carolina,W,0,41 of 87,1 of 3,0,0,5:45,27 of 66,7 of 8,7 of 13
"July 01, 2023",Heavyweight Bout,Method:Decision - Unanimous,Round:3,Time:5:00,Alexandr Romanov,W,0,85 of 154,2 of 3,0,0,2:53,74 of 137,4 of 4,7 of 13,Blagoy Ivanov,L,0,44 of 108,0 of 0,0,0,0:00,44 of 108,0 of 0,0 of 0
"June 24, 2023",Featherweight Bout,Method:Decision - Unanimous,Round:5,Time:5:00,Josh Emmett,L,0,87 of 305,0 of 0,0,0,0:00,87 of 305,0 of 0,0 of 0,Ilia Topuria,W,1,152 of 344,3 of 3,0,0,3:35,114 of 289,2 of 2,36 of 53
"June 24, 2023",Women's Flyweight Bout,Method:KO/TKO,Round:2,Time:3:42,Amanda Ribas,L,0,35 of 74,2 of 3,0,0,2:25,30 of 68,5 of 6,0 of 0,Maycee Barber,W,0,81 of 124,0 of 1,0,0,1:22,32 of 60,6 of 9,43 of 55
"June 24, 2023",Featherweight Bout,Method:KO/TKO,Round:2,Time:4:13,David Onama,W,1,53 of 104,0 of 1,0,1,2:53,42 of 86,3 of 5,8 of 13,Gabriel Santos,L,0,39 of 73,2 of 4,2,0,1:31,36 of 70,1 of 1,2 of 2
"June 24, 2023",Middleweight Bout,Method:Submission,Round:1,Time:4:39,Brendan Allen,W,1,30 of 56,0 of 2,1,0,2:29,15 of 32,5 of 5,10 of 19,Bruno Silva,L,0,20 of 38,0 of 0,0,0,0:02,16 of 33,4 of 5,0 of 0
"June 24, 2023",Welterweight Bout,Method:Decision - Split,Round:3,Time:5:00,Neil Magny,W,0,29 of 65,0 of 3,0,0,4:31,17 of 46,12 of 19,0 of 0,Phil Rowe,L,0,34 of 64,1 of 2,0,0,4:38,32 of 58,2 of 6,0 of 0
"June 24, 2023",Welterweight Bout,Method:Decision - Unanimous,Round:3,Time:5:00,Randy Brown,W,0,64 of 134,2 of 2,0,0,2:47,53 of 121,11 of 13,0 of 0,Wellington Turman,L,0,55 of 105,0 of 5,0,0,3:05,43 of 90,12 of 15,0 of 0
"June 24, 2023",Lightweight Bout,Method:KO/TKO,Round:2,Time:2:36,Mateusz Rebecki,W,2,54 of 95,1 of 1,1,0,1:57,54 of 95,0 of 0,0 of 0,Loik Radzhabov,L,0,19 of 54,0 of 0,0,0,0:03,19 of 54,0 of 0,0 of 0
"June 24, 2023",Women's Strawweight Bout,Method:Decision - Unanimous,Round:3,Time:5:00,Tabatha Ricci,W,0,100 of 315,3 of 8,0,0,0:38,95 of 306,3 of 7,2 of 2,Gillian Robertson,L,0,76 of 219,1 of 4,0,0,0:26,74 of 212,2 of 7,0 of 0
"June 24, 2023",Flyweight Bout,Method:Decision - Split,Round:3,Time:5:00,Zhalgas Zhumagulov,L,0,103 of 287,1 of 5,0,0,1:10,101 of 281,2 of 6,0 of 0,Joshua Van,W,0,120 of 234,0 of 2,0,0,0:01,106 of 217,14 of 17,0 of 0
"June 24, 2023",Lightweight Bout,Method:Decision - Unanimous,Round:3,Time:5:00,Trevor Peek,L,0,51 of 125,0 of 0,0,1,1:23,39 of 105,12 of 20,0 of 0,Chepe Mariscal,W,0,71 of 117,4 of 12,1,1,5:29,41 of 78,20 of 23,10 of 16
"June 24, 2023",Featherweight Bout,Method:Decision - Split,Round:3,Time:5:00,Jamall Emmers,L,0,57 of 155,1 of 6,0,2,4:17,51 of 146,1 of 3,5 of 6,Jack Jenkins,W,0,59 of 119,1 of 1,0,0,0:15,53 of 110,1 of 2,5 of 7
"June 24, 2023",Middleweight Bout,Method:Decision - Unanimous,Round:3,Time:5:00,Cody Brundage,L,0,3 of 10,2 of 4,1,1,1:53,3 of 10,0 of 0,0 of 0,Sedriques Dumas,W,0,17 of 22,0 of 0,0,2,11:08,3 of 6,1 of 1,13 of 15
"June 17, 2023",Middleweight Bout,Method:Decision - Unanimous,Round:5,Time:5:00,Marvin Vettori,L,0,153 of 301,1 of 1,0,0,0:28,148 of 293,5 of 8,0 of 0,Jared Cannonier,W,0,241 of 411,4 of 6,0,0,3:07,195 of 354,26 of 31,20 of 26
"June 17, 2023",Lightweight Bout,Method:KO/TKO,Round:3,Time:3:25,Arman Tsarukyan,W,0,80 of 115,4 of 5,0,0,9:01,32 of 64,7 of 8,41 of 43,Joaquim Silva,L,0,23 of 41,0 of 0,0,0,0:00,11 of 25,10 of 13,2 of 3
"June 17, 2023",Middleweight Bout,Method:Decision - Unanimous,Round:3,Time:5:00,Armen Petrosyan,W,0,89 of 156,1 of 2,0,0,3:21,77 of 139,10 of 14,2 of 3,Christian Leroy Duncan,L,0,59 of 122,0 of 3,0,0,1:09,58 of 121,0 of 0,1 of 1
"June 17, 2023",Featherweight Bout,Method:Submission,Round:2,Time:1:48,Pat Sabatini,W,0,27 of 35,2 of 3,1,0,6:27,1 of 2,2 of 2,24 of 31,Lucas Almeida,L,0,2 of 4,0 of 0,0,0,0:00,1 of 3,1 of 1,0 of 0
"June 17, 2023",Lightweight Bout,Method:KO/TKO,Round:1,Time:1:50,Manuel Torres,W,1,13 of 17,0 of 0,0,0,0:01,12 of 16,0 of 0,1 of 1,Nikolas Motta,L,0,7 of 14,0 of 0,0,0,0:00,7 of 14,0 of 0,0 of 0
"June 17, 2023",Welterweight Bout,Method:Decision - Unanimous,Round:3,Time:5:00,Nicolas Dalby,W,0,86 of 140,2 of 5,0,0,6:36,43 of 91,36 of 41,7 of 8,Muslim Salikhov,L,0,57 of 88,2 of 2,0,0,0:55,47 of 78,10 of 10,0 of 0
"June 17, 2023",Flyweight Bout,Method:KO/TKO,Round:2,Time:1:03,Jimmy Flick,L,0,14 of 37,0 of 4,0,0,0:14,14 of 37,0 of 0,0 of 0,Alessandro Costa,W,1,65 of 91,0 of 0,0,0,0:50,54 of 76,0 of 0,11 of 15
"June 17, 2023",Bantamweight Bout,Method:Submission,Round:1,Time:2:25,Kyung Ho Kang,W,1,22 of 37,1 of 1,1,0,0:40,17 of 31,0 of 0,5 of 6,Cristian Quinonez,L,0,13 of 29,0 of 0,0,0,0:00,13 of 29,0 of 0,0 of 0
"June 17, 2023",Flyweight Bout,Method:Decision - Unanimous,Round:3,Time:4:59,Carlos Hernandez,W,0,102 of 233,2 of 7,0,0,0:40,78 of 209,17 of 17,7 of 7,Denys Bondar,L,0,76 of 170,2 of 5,0,0,0:29,68 of 157,7 of 12,1 of 1
"June 17, 2023",Women's Flyweight Bout,Method:Decision - Unanimous,Round:3,Time:5:00,Tereza Bleda,W,0,57 of 99,3 of 10,0,0,10:51,17 of 56,7 of 7,33 of 36,Gabriella Fernandes,L,0,23 of 47,0 of 0,0,0,0:10,22 of 45,1 of 2,0 of 0
"June 17, 2023",Light Heavyweight Bout,Method:Decision - Unanimous,Round:3,Time:5:00,Zac Pauga,L,0,67 of 117,1 of 5,0,0,2:17,58 of 105,7 of 10,2 of 2,Modestas Bukauskas,W,0,56 of 112,0 of 0,0,0,1:20,50 of 102,5 of 9,1 of 1
"June 10, 2023",UFC Women's Bantamweight Title Bout,Method:Decision - Unanimous,Round:5,Time:5:00,Amanda Nunes,W,0,142 of 267,6 of 13,0,0,7:00,115 of 234,5 of 8,22 of 25,Irene Aldana,L,0,41 of 143,0 of 0,0,0,0:10,36 of 133,3 of 3,2 of 7
"June 10, 2023",Lightweight Bout,Method:KO/TKO,Round:1,Time:4:10,Charles Oliveira,W,1,26 of 36,0 of 1,0,0,0:31,7 of 13,3 of 3,16 of 20,Beneil Dariush,L,0,12 of 28,0 of 0,0,0,2:44,6 of 14,0 of 0,6 of 14
"June 10, 2023",Welterweight Bout,Method:Submission,Round:2,Time:1:06,Mike Malott,W,1,19 of 41,2 of 2,1,1,1:26,19 of 41,0 of 0,0 of 0,Adam Fugitt,L,0,9 of 28,0 of 0,0,0,0:07,9 of 28,0 of 0,0 of 0
"June 10, 2023",Featherweight Bout,Method:Decision - Unanimous,Round:3,Time:5:00,Dan Ige,W,1,88 of 184,0 of 0,0,0,0:41,78 of 169,6 of 8,4 of 7,Nate Landwehr,L,0,74 of 195,0 of 4,0,0,0:26,55 of 168,18 of 24,1 of 3
"June 10, 2023",Middleweight Bout,Method:Decision - Unanimous,Round:3,Time:5:00,Marc-Andre Barriault,W,1,95 of 192,0 of 0,0,0,0:40,67 of 154,26 of 35,2 of 3,Eryk Anders,L,0,83 of 169,1 of 11,0,0,3:18,41 of 115,42 of 52,0 of 2
"June 10, 2023",Women's Flyweight Bout,Method:Decision - Unanimous,Round:3,Time:5:00,Miranda Maverick,L,0,63 of 127,0 of 3,0,0,0:07,56 of 120,7 of 7,0 of 0,Jasmine Jasudavicius,W,0,67 of 158,1 of 1,0,0,7:35,53 of 138,13 of 18,1 of 2
"June 10, 2023",Bantamweight Bout,Method:KO/TKO,Round:1,Time:1:04,Aiemann Zahabi,W,1,5 of 8,0 of 0,0,0,0:03,3 of 5,0 of 0,2 of 3,Aoriqileng,L,0,5 of 5,0 of 0,0,0,0:00,5 of 5,0 of 0,0 of 0
"June 10, 2023",Featherweight Bout,Method:Decision - Unanimous,Round:3,Time:5:00,Kyle Nelson,W,0,59 of 126,0 of 1,0,0,2:21,57 of 124,2 of 2,0 of 0,Blake Bilder,L,0,45 of 120,0 of 3,0,0,2:45,45 of 119,0 of 1,0 of 0
"June 10, 2023",Flyweight Bout,Method:Decision - Unanimous,Round:3,Time:5:00,David Dvorak,L,0,53 of 114,1 of 3,0,0,1:57,46 of 102,4 of 7,3 of 5,Steve Erceg,W,0,54 of 140,3 of 4,1,0,1:29,46 of 131,7 of 8,1 of 1
"June 10, 2023",Women's Strawweight Bout,Method:Decision - Unanimous,Round:3,Time:5:00,Diana Belbita,W,0,106 of 208,1 of 2,0,0,2:04,76 of 176,22 of 24,8 of 8,Maria Oliveira,L,0,64 of 168,2 of 5,0,0,4:06,62 of 166,1 of 1,1 of 1
"June 03, 2023",Flyweight Bout,Method:Decision - Split,Round:5,Time:5:00,Kai Kara-France,L,0,99 of 283,2 of 2,0,0,0:58,90 of 267,1 of 2,8 of 14,Amir Albazi,W,0,43 of 145,1 of 9,1,0,6:10,39 of 135,1 of 5,3 of 5
"June 03, 2023",Featherweight Bout,Method:Decision - Unanimous,Round:3,Time:5:00,Alex Caceres,W,0,60 of 99,1 of 2,0,1,4:26,45 of 76,11 of 15,4 of 8,Daniel Pineda,L,0,27 of 56,3 of 11,1,1,3:57,22 of 50,2 of 3,3 of 3
"June 03, 2023",Lightweight Bout,Method:KO/TKO,Round:1,Time:0:23,Jim Miller,W,1,3 of 5,0 of 0,0,0,0:00,2 of 4,0 of 0,1 of 1,Jesse Butler,L,0,1 of 7,0 of 0,0,0,0:00,1 of 7,0 of 0,0 of 0
"June 03, 2023",Flyweight Bout,Method:Decision - Unanimous,Round:3,Time:5:00,Tim Elliott,W,0,28 of 57,6 of 7,0,0,11:13,6 of 21,4 of 4,18 of 32,Victor Altamirano,L,0,19 of 39,1 of 1,0,0,1:04,15 of 31,4 of 8,0 of 0
"June 03, 2023",Women's Flyweight Bout,Method:Submission,Round:1,Time:1:45,Karine Silva,W,0,3 of 10,1 of 1,1,0,1:21,2 of 7,0 of 0,1 of 3,Ketlen Souza,L,0,0 of 0,0 of 0,0,0,0:00,0 of 0,0 of 0,0 of 0
"June 03, 2023",Welterweight Bout,Method:Decision - Split,Round:3,Time:5:00,Abubakar Nurmagomedov,L,0,29 of 54,1 of 8,0,0,6:16,23 of 48,6 of 6,0 of 0,Elizeu Zaleski dos Santos,W,0,42 of 113,0 of 2,0,0,0:15,27 of 87,15 of 26,0 of 0
"June 03, 2023",Bantamweight Bout,Method:Decision - Unanimous,Round:3,Time:5:00,Daniel Santos,W,0,50 of 91,3 of 4,0,1,10:47,10 of 38,6 of 7,34 of 46,Johnny Munoz,L,0,18 of 39,1 of 8,1,0,1:19,15 of 30,3 of 9,0 of 0
"June 03, 2023",Heavyweight Bout,Method:KO/TKO,Round:2,Time:3:17,Andrei Arlovski,L,0,24 of 56,0 of 0,0,0,0:00,24 of 56,0 of 0,0 of 0,Don'Tale Mayes,W,1,25 of 87,0 of 1,0,0,0:02,22 of 82,1 of 1,2 of 4
"June 03, 2023",Bantamweight Bout,Method:Decision - Unanimous,Round:3,Time:5:00,John Castaneda,W,1,40 of 88,3 of 6,0,0,4:16,37 of 83,1 of 2,2 of 3,Muin Gafurov,L,0,61 of 157,0 of 6,0,0,1:55,47 of 132,14 of 25,0 of 0
"June 03, 2023",Lightweight Bout,Method:KO/TKO,Round:2,Time:2:59,Jamie Mullarkey,L,0,39 of 71,3 of 8,0,0,2:28,27 of 56,12 of 14,0 of 1,Muhammad Naimov,W,1,28 of 70,0 of 1,0,0,0:01,20 of 60,3 of 5,5 of 5
"June 03, 2023",Women's Strawweight Bout,Method:Decision - Unanimous,Round:3,Time:5:00,Elise Reed,W,0,53 of 120,0 of 1,0,0,1:29,45 of 111,8 of 9,0 of 0,Jinh Yu Frey,L,0,28 of 91,3 of 7,0,0,4:09,26 of 84,2 of 4,0 of 3
"June 03, 2023",Bantamweight Bout,Method:KO/TKO,Round:2,Time:3:54,Da'Mon Blackshear,W,0,66 of 135,1 of 2,0,1,2:14,38 of 96,8 of 13,20 of 26,Luan Lacerda,L,0,28 of 64,1 of 4,1,1,0:26,25 of 61,3 of 3,0 of 0
"June 03, 2023",Light Heavyweight Bout,Method:Decision - Unanimous,Round:3,Time:5:00,Philipe Lins,W,0,45 of 106,1 of 3,0,0,8:24,36 of 92,9 of 14,0 of 0,Maxim Grishin,L,0,41 of 80,0 of 3,0,0,0:36,29 of 65,12 of 15,0 of 0
"May 20, 2023",Women's Strawweight Bout,Method:Decision - Unanimous,Round:5,Time:5:00,Mackenzie Dern,W,1,126 of 210,3 of 9,0,0,13:12,58 of 132,19 of 22,49 of 56,Angela Hill,L,0,66 of 108,0 of 0,0,0,7:11,35 of 74,30 of 31,1 of 3
"May 20, 2023",Middleweight Bout,Method:KO/TKO,Round:3,Time:1:01,Edmen Shahbazyan,L,0,30 of 51,1 of 1,1,0,0:41,17 of 35,11 of 14,2 of 2,Anthony Hernandez,W,0,63 of 88,6 of 15,4,0,7:11,15 of 33,8 of 8,40 of 47
"May 20, 2023",Catch Weight Bout,Method:Decision - Unanimous,Round:3,Time:5:00,Emily Ducote,L,0,112 of 270,0 of 4,0,0,0:11,106 of 262,6 of 8,0 of 0,Loopy Godinez,W,0,132 of 246,1 of 3,0,0,0:13,121 of 232,11 of 14,0 of 0
"May 20, 2023",Welterweight Bout,Method:KO/TKO,Round:2,Time:4:15,Andre Fialho,L,0,22 of 51,0 of 0,0,0,0:07,21 of 50,1 of 1,0 of 0,Joaquin Buckley,W,1,26 of 89,2 of 3,0,0,0:23,26 of 89,0 of 0,0 of 0
"May 20, 2023",Lightweight Bout,Method:KO/TKO,Round:2,Time:1:50,Diego Ferreira,W,1,30 of 71,0 of 2,0,0,0:01,29 of 70,0 of 0,1 of 1,Michael Johnson,L,0,32 of 58,0 of 0,0,0,0:00,32 of 58,0 of 0,0 of 0
"May 20, 2023",Lightweight Bout,Method:KO/TKO,Round:2,Time:2:37,Maheshate,L,0,32 of 109,0 of 2,0,0,0:00,29 of 99,3 of 10,0 of 0,Viacheslav Borshchev,W,3,85 of 148,0 of 0,0,0,0:09,69 of 118,11 of 18,5 of 12
"May 20, 2023",Women's Strawweight Bout,Method:Decision - Unanimous,Round:3,Time:5:00,Karolina Kowalkiewicz,W,0,139 of 237,0 of 0,0,0,1:52,134 of 230,5 of 7,0 of 0,Vanessa Demopoulos,L,0,68 of 221,0 of 4,0,0,0:00,65 of 216,3 of 5,0 of 0
"May 20, 2023",Welterweight Bout,Method:KO/TKO,Round:2,Time:2:55,Orion Cosce,L,0,16 of 32,0 of 0,0,0,0:05,14 of 29,1 of 2,1 of 1,Gilbert Urbina,W,1,51 of 82,2 of 2,1,0,3:06,27 of 55,4 of 4,20 of 23
"May 20, 2023",Heavyweight Bout,Method:Decision - Split,Round:3,Time:5:00,Ilir Latifi,L,0,49 of 77,2 of 7,0,0,3:50,46 of 72,1 of 3,2 of 2,Rodrigo Nascimento,W,0,68 of 152,0 of 0,0,0,0:00,61 of 145,7 of 7,0 of 0
"May 20, 2023",Lightweight Bout,Method:Decision - Unanimous,Round:3,Time:5:00,Chase Hooper,W,0,149 of 245,1 of 10,1,1,3:54,97 of 160,42 of 73,10 of 12,Nick Fiore,L,0,51 of 90,4 of 8,0,0,4:47,34 of 66,11 of 17,6 of 7
"May 20, 2023",Women's Flyweight Bout,Method:KO/TKO,Round:1,Time:2:58,Natalia Silva,W,1,20 of 45,0 of 0,0,0,0:16,20 of 44,0 of 0,0 of 1,Victoria Leonardo,L,0,7 of 18,0 of 1,0,0,0:00,7 of 18,0 of 0,0 of 0
"May 20, 2023",Welterweight Bout,Method:Decision - Unanimous,Round:3,Time:5:00,Takashi Sato,L,0,30 of 47,2 of 6,0,1,2:21,5 of 16,15 of 16,10 of 15,Themba Gorimbo,W,1,33 of 56,3 of 8,0,2,11:15,12 of 25,9 of 12,12 of 19
"May 13, 2023",Heavyweight Bout,Method:Submission,Round:1,Time:3:43,Jairzinho Rozenstruik,L,0,0 of 2,0 of 0,0,0,0:00,0 of 2,0 of 0,0 of 0,Jailton Almeida,W,0,4 of 7,1 of 2,1,0,3:09,0 of 2,0 of 0,4 of 5
"May 13, 2023",Light Heavyweight Bout,Method:Decision - Unanimous,Round:3,Time:5:00,Anthony Smith,L,0,38 of 92,1 of 3,0,0,1:22,38 of 91,0 of 1,0 of 0,Johnny Walker,W,0,92 of 192,1 of 1,0,0,0:32,81 of 178,6 of 8,5 of 6
"May 13, 2023",Welterweight Bout,Method:KO/TKO,Round:1,Time:2:57,Daniel Rodriguez,L,0,7 of 25,0 of 0,0,0,0:00,7 of 25,0 of 0,0 of 0,Ian Garry,W,1,23 of 46,0 of 0,0,0,0:10,12 of 28,0 of 0,11 of 18
"May 13, 2023",Light Heavyweight Bout,Method:KO/TKO,Round:1,Time:2:09,Carlos Ulberg,W,1,13 of 21,0 of 0,0,0,0:08,5 of 11,0 of 0,8 of 10,Ihor Potieria,L,0,5 of 9,0 of 1,0,0,0:00,5 of 9,0 of 0,0 of 0
"May 13, 2023",Welterweight Bout,Method:Submission,Round:2,Time:2:09,Tim Means,L,0,40 of 87,2 of 2,0,0,0:46,30 of 74,10 of 13,0 of 0,Alex Morono,W,0,33 of 92,0 of 0,1,0,0:00,31 of 86,2 of 6,0 of 0
"May 13, 2023",Welterweight Bout,Method:KO/TKO,Round:1,Time:4:09,Matt Brown,W,1,11 of 15,0 of 0,0,0,0:02,10 of 14,1 of 1,0 of 0,Court McGee,L,0,8 of 31,1 of 1,0,0,1:57,6 of 29,2 of 2,0 of 0
"May 13, 2023",Heavyweight Bout,Method:Decision - Unanimous,Round:3,Time:5:00,Karl Williams,W,0,70 of 165,1 of 10,0,0,2:35,65 of 159,2 of 3,3 of 3,Chase Sherman,L,0,54 of 158,0 of 0,0,0,0:12,46 of 148,8 of 10,0 of 0
"May 13, 2023",Catch Weight Bout,Method:Decision - Unanimous,Round:3,Time:5:00,Cody Stamann,L,1,54 of 139,1 of 5,0,0,1:59,49 of 133,0 of 0,5 of 6,Douglas Silva de Andrade,W,0,61 of 178,0 of 1,0,0,0:00,60 of 175,1 of 3,0 of 0
"May 13, 2023",Women's Flyweight Bout,Method:Decision - Split,Round:3,Time:1:55,Ji Yeon Kim,L,0,10 of 36,0 of 1,1,1,5:44,7 of 32,3 of 3,0 of 1,Mandy Bohm,W,0,17 of 31,2 of 6,1,1,4:05,10 of 21,5 of 8,2 of 2
"May 13, 2023",Welterweight Bout,Method:KO/TKO,Round:1,Time:0:14,Bryan Battle,W,1,3 of 9,0 of 0,0,0,0:03,2 of 7,0 of 0,1 of 2,Gabe Green,L,0,6 of 12,0 of 0,0,0,0:00,6 of 12,0 of 0,0 of 0
"May 13, 2023",Women's Bantamweight Bout,Method:Submission,Round:3,Time:4:20,Jessica-Rose Clark,L,0,26 of 60,1 of 7,0,0,7:36,23 of 53,2 of 5,1 of 2,Tainara Lisboa,W,0,42 of 83,1 of 2,1,0,2:09,29 of 64,11 of 16,2 of 3
"May 06, 2023",UFC Bantamweight Title Bout,Method:Decision - Split,Round:5,Time:5:00,Aljamain Sterling,W,0,135 of 210,4 of 15,0,0,4:00,103 of 174,24 of 28,8 of 8,Henry Cejudo,L,0,99 of 174,3 of 8,0,0,5:06,82 of 152,16 of 21,1 of 1
"May 06, 2023",Welterweight Bout,Method:Decision - Unanimous,Round:5,Time:5:00,Belal Muhammad,W,0,132 of 283,0 of 0,0,0,0:00,132 of 283,0 of 0,0 of 0,Gilbert Burns,L,0,81 of 147,0 of 4,0,0,0:00,81 of 147,0 of 0,0 of 0
"May 06, 2023",Women's Strawweight Bout,Method:KO/TKO,Round:1,Time:2:20,Jessica Andrade,L,0,12 of 32,0 of 0,0,0,0:00,12 of 32,0 of 0,0 of 0,Yan Xiaonan,W,1,26 of 36,0 of 0,0,0,0:02,23 of 33,0 of 0,3 of 3
"May 06, 2023",Featherweight Bout,Method:Decision - Unanimous,Round:3,Time:5:00,Movsar Evloev,W,0,88 of 129,4 of 7,0,0,8:30,45 of 81,11 of 11,32 of 37,Diego Lopes,L,0,37 of 69,0 of 0,4,1,0:41,27 of 55,3 of 3,7 of 11
"May 06, 2023",Featherweight Bout,Method:Decision - Unanimous,Round:3,Time:5:00,Kron Gracie,L,0,32 of 57,0 of 0,0,0,0:43,32 of 57,0 of 0,0 of 0,Charles Jourdain,W,0,80 of 168,0 of 0,0,0,6:48,54 of 138,16 of 20,10 of 10
"May 06, 2023",Lightweight Bout,Method:KO/TKO,Round:1,Time:4:08,Drew Dober,L,0,20 of 59,0 of 0,0,0,0:00,19 of 58,1 of 1,0 of 0,Matt Frevola,W,1,35 of 75,0 of 1,0,0,0:08,22 of 58,1 of 2,12 of 15
"May 06, 2023",Light Heavyweight Bout,Method:Submission,Round:2,Time:2:28,Kennedy Nzechukwu,W,0,62 of 81,0 of 1,1,0,3:42,9 of 17,53 of 64,0 of 0,Devin Clark,L,0,36 of 58,1 of 4,0,0,1:04,13 of 28,23 of 30,0 of 0
"May 06, 2023",Welterweight Bout,Method:Decision - Split,Round:3,Time:5:00,Khaos Williams,W,0,130 of 283,0 of 0,0,0,1:13,126 of 276,4 of 7,0 of 0,Rolando Bedoya,L,0,149 of 209,0 of 2,0,0,0:07,136 of 196,13 of 13,0 of 0
"May 06, 2023",Women's Strawweight Bout,Method:Decision - Unanimous,Round:3,Time:5:00,Marina Rodriguez,L,0,33 of 62,0 of 0,0,0,0:05,10 of 37,3 of 3,20 of 22,Virna Jandiroba,W,0,27 of 43,3 of 7,0,1,12:02,7 of 22,5 of 5,15 of 16
"May 06, 2023",Heavyweight Bout,Method:KO/TKO,Round:1,Time:2:10,Braxton Smith,L,0,14 of 29,0 of 1,0,0,0:00,14 of 29,0 of 0,0 of 0,Parker Porter,W,0,25 of 37,0 of 1,0,0,0:27,12 of 24,3 of 3,10 of 10
"May 06, 2023",Middleweight Bout,Method:KO/TKO,Round:1,Time:2:10,Phil Hawes,L,0,17 of 28,0 of 0,0,0,0:00,17 of 28,0 of 0,0 of 0,Ikram Aliskerov,W,1,20 of 33,0 of 0,0,0,0:00,19 of 31,1 of 2,0 of 0
"May 06, 2023",Middleweight Bout,Method:KO/TKO,Round:2,Time:3:21,Joseph Holmes,L,0,17 of 24,1 of 2,0,0,2:30,13 of 20,4 of 4,0 of 0,Claudio Ribeiro,W,1,37 of 63,1 of 1,0,0,3:07,10 of 24,1 of 2,26 of 37
"April 29, 2023",Bantamweight Bout,Method:KO/TKO,Round:5,Time:1:10,Song Yadong,W,2,105 of 228,0 of 0,0,0,0:27,85 of 203,1 of 1,19 of 24,Ricky Simon,L,0,60 of 139,2 of 9,0,0,0:51,57 of 135,0 of 0,3 of 4
"April 29, 2023",Middleweight Bout,Method:Submission,Round:2,Time:2:49,Caio Borralho,W,0,34 of 55,3 of 6,1,0,2:39,18 of 37,5 of 7,11 of 11,Michal Oleksiejczuk,L,0,30 of 65,0 of 1,0,0,0:13,26 of 61,4 of 4,0 of 0
"April 29, 2023",Middleweight Bout,Method:Submission,Round:2,Time:1:28,Rodolfo Vieira,W,0,10 of 15,1 of 7,2,0,4:19,1 of 5,2 of 2,7 of 8,Cody Brundage,L,1,20 of 29,0 of 0,1,0,1:04,10 of 18,0 of 0,10 of 11
"April 29, 2023",Featherweight Bout,Method:KO/TKO,Round:1,Time:1:41,Julian Erosa,L,0,15 of 24,0 of 1,0,0,0:00,15 of 24,0 of 0,0 of 0,Fernando Padilla,W,1,20 of 29,0 of 0,0,0,0:02,19 of 28,0 of 0,1 of 1
"April 29, 2023",Heavyweight Bout,Method:Decision - Unanimous,Round:3,Time:5:00,Marcos Rogerio de Lima,W,0,59 of 76,3 of 7,0,0,5:01,56 of 72,2 of 2,1 of 2,Waldo Cortes-Acosta,L,0,82 of 150,0 of 1,0,0,0:34,79 of 146,3 of 3,0 of 1
"April 29, 2023",Welterweight Bout,Method:Decision - Unanimous,Round:3,Time:5:00,Josh Quinlan,L,0,50 of 128,1 of 8,0,0,0:54,46 of 124,2 of 2,2 of 2,Trey Waters,W,0,104 of 203,1 of 2,0,0,0:27,102 of 201,1 of 1,1 of 1
"April 29, 2023",Heavyweight Bout,Method:Decision - Unanimous,Round:3,Time:5:00,Martin Buday,W,0,98 of 177,0 of 0,0,0,1:45,72 of 143,19 of 27,7 of 7,Jake Collier,L,0,94 of 207,0 of 1,0,0,4:31,77 of 185,15 of 17,2 of 5
"April 29, 2023",Flyweight Bout,Method:Decision - Unanimous,Round:3,Time:5:00,Cody Durden,W,0,56 of 99,11 of 18,0,0,9:33,46 of 89,3 of 3,7 of 7,Charles Johnson,L,0,52 of 101,0 of 0,1,0,0:08,46 of 91,5 of 9,1 of 1
"April 29, 2023",Women's Bantamweight Bout,Method:Submission,Round:1,Time:2:11,Stephanie Egger,L,0,9 of 24,0 of 0,0,0,0:00,9 of 24,0 of 0,0 of 0,Irina Alekseeva,W,0,18 of 44,0 of 1,1,0,0:00,17 of 43,1 of 1,0 of 0
"April 29, 2023",Catch Weight Bout,Method:Submission,Round:2,Time:2:03,Journey Newson,L,0,13 of 46,0 of 6,0,0,1:03,12 of 45,1 of 1,0 of 0,Marcus McGhee,W,1,25 of 53,0 of 0,1,0,0:31,21 of 47,3 of 4,1 of 2
"April 29, 2023",Women's Bantamweight Bout,Method:Decision - Unanimous,Round:3,Time:5:00,Hailey Cowan,L,0,63 of 150,2 of 8,0,0,4:50,43 of 126,16 of 20,4 of 4,Jamey-Lyn Horth,W,0,76 of 104,0 of 1,0,0,1:07,46 of 74,30 of 30,0 of 0
"April 22, 2023",Heavyweight Bout,Method:KO/TKO,Round:1,Time:3:08,Sergei Pavlovich,W,1,36 of 85,0 of 0,0,0,0:00,32 of 81,0 of 0,4 of 4,Curtis Blaydes,L,0,14 of 56,0 of 1,0,0,0:00,14 of 56,0 of 0,0 of 0
"April 22, 2023",Middleweight Bout,Method:KO/TKO,Round:1,Time:3:35,Brad Tavares,L,0,15 of 64,0 of 0,0,0,0:00,15 of 64,0 of 0,0 of 0,Bruno Silva,W,1,23 of 51,0 of 0,0,0,0:02,21 of 48,1 of 2,1 of 1
"April 22, 2023",Women's Flyweight Bout,Method:Decision - Unanimous,Round:3,Time:5:00,Iasmin Lucindo,W,0,53 of 118,4 of 5,0,0,0:46,51 of 115,2 of 2,0 of 1,Brogan Walker,L,0,29 of 145,0 of 0,0,0,1:04,22 of 137,7 of 8,0 of 0
"April 22, 2023",Welterweight Bout,Method:Decision - Split,Round:3,Time:5:00,Jeremiah Wells,W,0,36 of 76,6 of 10,0,0,11:12,10 of 28,2 of 3,24 of 45,Matthew Semelsberger,L,2,20 of 37,0 of 1,0,0,1:29,12 of 22,4 of 5,4 of 10
"April 22, 2023",Lightweight Bout,Method:KO/TKO,Round:1,Time:1:35,Ricky Glenn,L,0,2 of 11,0 of 0,0,0,0:00,2 of 11,0 of 0,0 of 0,Christos Giagos,W,1,9 of 16,0 of 0,0,0,0:00,8 of 15,0 of 0,1 of 1
"April 22, 2023",Bantamweight Bout,Method:KO/TKO,Round:1,Time:3:42,Rani Yahya,L,0,7 of 21,0 of 3,0,0,0:08,7 of 21,0 of 0,0 of 0,Montel Jackson,W,1,9 of 21,0 of 0,0,0,1:17,5 of 14,0 of 0,4 of 7
"April 22, 2023",Women's Featherweight Bout,Method:Decision - Unanimous,Round:3,Time:5:00,Karol Rosa,L,1,33 of 68,0 of 2,0,0,3:13,20 of 53,13 of 15,0 of 0,Norma Dumont,W,0,35 of 87,1 of 1,0,0,4:54,27 of 76,8 of 11,0 of 0
"April 22, 2023",Heavyweight Bout,Method:Decision - Unanimous,Round:3,Time:5:00,Mohammed Usman,W,0,7 of 29,2 of 12,0,0,12:03,2 of 22,2 of 2,3 of 5,Junior Tafa,L,0,22 of 61,0 of 0,0,0,0:00,12 of 45,10 of 16,0 of 0
"April 22, 2023",Featherweight Bout,Method:Decision - Split,Round:3,Time:5:00,Francis Marshall,L,0,15 of 132,2 of 5,2,0,4:20,13 of 129,0 of 0,2 of 3,William Gomis,W,0,27 of 79,0 of 0,0,0,0:17,27 of 78,0 of 1,0 of 0
"April 22, 2023",Bantamweight Bout,Method:KO/TKO,Round:3,Time:4:21,Brady Hiestand,W,0,45 of 81,3 of 7,0,0,4:09,41 of 77,0 of 0,4 of 4,Batgerel Danaa,L,1,41 of 134,1 of 1,0,1,1:00,29 of 112,7 of 9,5 of 13
"April 15, 2023",Featherweight Bout,Method:Decision - Unanimous,Round:5,Time:5:00,Max Holloway,W,0,147 of 262,0 of 0,0,0,0:03,146 of 261,1 of 1,0 of 0,Arnold Allen,L,0,76 of 225,0 of 0,0,0,0:42,76 of 225,0 of 0,0 of 0
"April 15, 2023",Featherweight Bout,Method:KO/TKO,Round:1,Time:2:37,Edson Barboza,W,1,21 of 33,0 of 0,0,0,0:02,19 of 31,1 of 1,1 of 1,Billy Quarantillo,L,0,19 of 42,0 of 2,0,0,0:39,18 of 41,1 of 1,0 of 0
"April 15, 2023",Light Heavyweight Bout,Method:Decision - Unanimous,Round:3,Time:5:00,Dustin Jacoby,L,0,64 of 131,1 of 6,0,0,3:06,60 of 126,4 of 5,0 of 0,Azamat Murzakanov,W,1,67 of 127,1 of 5,0,0,0:16,64 of 122,3 of 5,0 of 0
"April 15, 2023",Light Heavyweight Bout,Method:KO/TKO,Round:1,Time:2:05,Tanner Boser,L,0,5 of 16,0 of 0,0,0,0:00,5 of 16,0 of 0,0 of 0,Ion Cutelaba,W,0,30 of 40,1 of 1,0,0,0:17,14 of 24,0 of 0,16 of 16
"April 15, 2023",Bantamweight Bout,Method:Decision - Unanimous,Round:3,Time:5:00,Pedro Munhoz,W,1,60 of 174,0 of 1,0,0,2:54,52 of 160,1 of 1,7 of 13,Chris Gutierrez,L,0,77 of 133,0 of 0,0,0,0:06,75 of 130,1 of 1,1 of 2
"April 15, 2023",Lightweight Bout,Method:Decision - Unanimous,Round:3,Time:5:00,Clay Guida,L,0,63 of 252,0 of 3,0,0,0:00,63 of 252,0 of 0,0 of 0,Rafa Garcia,W,0,141 of 287,0 of 1,0,0,0:20,138 of 284,3 of 3,0 of 0
"April 15, 2023",Featherweight Bout,Method:Submission,Round:2,Time:1:40,Bill Algeo,W,1,64 of 110,1 of 1,1,0,1:42,48 of 94,5 of 5,11 of 11,TJ Brown,L,0,46 of 91,1 of 2,0,1,0:39,33 of 76,13 of 15,0 of 0
"April 15, 2023",Flyweight Bout,Method:KO/TKO,Round:1,Time:2:09,Brandon Royval,W,1,13 of 22,0 of 0,0,0,0:07,3 of 9,0 of 0,10 of 13,Matheus Nicolau,L,0,2 of 5,0 of 0,0,0,0:00,2 of 5,0 of 0,0 of 0
"April 15, 2023",Light Heavyweight Bout,Method:KO/TKO,Round:3,Time:4:13,Zak Cummings,W,3,100 of 175,0 of 0,0,0,3:18,83 of 154,3 of 5,14 of 16,Ed Herman,L,0,54 of 117,0 of 1,0,0,0:00,46 of 106,4 of 7,4 of 4
"April 15, 2023",Women's Strawweight Bout,Method:Submission,Round:2,Time:4:21,Gillian Robertson,W,0,26 of 39,2 of 3,1,0,6:23,12 of 23,0 of 0,14 of 16,Piera Rodriguez,L,0,12 of 33,1 of 1,0,0,0:54,12 of 33,0 of 0,0 of 0
"April 15, 2023",Lightweight Bout,Method:Decision - Unanimous,Round:3,Time:5:00,Lando Vannata,L,0,51 of 91,0 of 3,0,0,0:06,49 of 87,2 of 2,0 of 2,Daniel Zellhuber,W,1,78 of 207,0 of 1,0,0,1:44,49 of 149,7 of 7,22 of 51
"April 15, 2023",Women's Strawweight Bout,Method:KO/TKO,Round:2,Time:2:42,Bruna Brasil,L,0,15 of 22,0 of 1,0,0,1:19,9 of 15,6 of 7,0 of 0,Denise Gomes,W,1,54 of 93,3 of 3,0,0,3:53,21 of 47,10 of 12,23 of 34
"April 15, 2023",Bantamweight Bout,Method:Decision - Unanimous,Round:3,Time:5:00,Aaron Phillips,L,0,17 of 39,3 of 5,1,0,6:01,16 of 37,1 of 2,0 of 0,Gaston Bolanos,W,0,63 of 127,0 of 0,0,1,1:36,43 of 93,0 of 0,20 of 34
"April 15, 2023",Women's Bantamweight Bout,Method:Decision - Split,Round:3,Time:5:00,Joselyne Edwards,W,0,56 of 114,0 of 1,0,1,0:29,46 of 98,5 of 9,5 of 7,Lucie Pudilova,L,0,39 of 98,2 of 7,0,0,7:29,21 of 67,7 of 10,11 of 21
